{
  "dataset": {
    "path": "data/processed/mega_dataset.parquet",
    "total_rows": 193637,
    "train_rows": 135545,
    "val_rows": 29045,
    "test_rows": 29047,
    "n_features_selected": 42,
    "selected_features": [
      "log_home_win_odds",
      "log_draw_odds",
      "log_away_win_odds",
      "home_gf_r5",
      "home_ga_r5",
      "home_gd_r5",
      "away_gf_r5",
      "away_ga_r5",
      "away_gd_r5",
      "home_days_since_last",
      "away_days_since_last",
      "home_hs_r5",
      "away_hs_r5",
      "home_as_r5",
      "away_as_r5",
      "home_hst_r5",
      "away_hst_r5",
      "home_hs_ratio_r5",
      "away_hs_ratio_r5",
      "home_ast_r5",
      "away_ast_r5",
      "home_as_ratio_r5",
      "away_as_ratio_r5",
      "home_hc_r5",
      "away_hc_r5",
      "home_ac_r5",
      "away_ac_r5",
      "home_hf_r5",
      "away_hf_r5",
      "home_af_r5",
      "away_af_r5",
      "home_hy_r5",
      "away_hy_r5",
      "home_ay_r5",
      "away_ay_r5",
      "home_hr_r5",
      "away_hr_r5",
      "home_ar_r5",
      "away_ar_r5",
      "league_ht_draw_rate_historical",
      "league_encoded",
      "country_encoded"
    ],
    "dropped_features": [],
    "draw_rate": 0.42288922055185735
  },
  "market_baseline": {
    "test_auc": 0.5564898044034056,
    "test_brier": 0.2609846985545466,
    "n_valid": 29047
  },
  "logistic_regression": {
    "train_auc": 0.5373588104939745,
    "val_auc": 0.546206809093261,
    "test_auc": 0.55606702081087,
    "train_brier": 0.24351789356047926,
    "val_brier": 0.2417336728960781,
    "test_brier": 0.23903942489301586,
    "train_logloss": 0.680060177737309,
    "val_logloss": 0.6763955533210465,
    "test_logloss": 0.6708591224789092
  },
  "xgboost": {
    "train_auc": 0.5588424195097825,
    "val_auc": 0.549406040650869,
    "test_auc": 0.5533885997492882,
    "train_brier": 0.24242796003818512,
    "val_brier": 0.24164573848247528,
    "test_brier": 0.23937612771987915,
    "train_logloss": 0.677803586243588,
    "val_logloss": 0.6762407549640826,
    "test_logloss": 0.6716094768888119,
    "best_iteration": 167,
    "best_params": {
      "max_depth": 5,
      "eta": 0.014166864210741578,
      "subsample": 0.953661762683603,
      "colsample_bytree": 0.7156154232957752,
      "min_child_weight": 28,
      "gamma": 3.8899748446076434,
      "alpha": 2.5823857898254876,
      "lambda": 8.459117456802128
    }
  },
  "lightgbm": {
    "train_auc": 0.5917368202387165,
    "val_auc": 0.5475727534864494,
    "test_auc": 0.5478632090630616,
    "train_brier": 0.24120092210832736,
    "val_brier": 0.24185230621468734,
    "test_brier": 0.23980906731917762,
    "train_logloss": 0.6753045186263111,
    "val_logloss": 0.676675025500532,
    "test_logloss": 0.6725289150859494,
    "best_iteration": 29
  },
  "calibration": {
    "lr_calibrated_test_auc": 0.55606702081087,
    "lr_calibrated_test_brier": 0.23904784161065057,
    "xgb_calibrated_test_auc": 0.5533885997492882,
    "xgb_calibrated_test_brier": 0.23921463501649276,
    "lgb_calibrated_test_auc": 0.5478632090630616,
    "lgb_calibrated_test_brier": 0.23959892345593936
  },
  "backtest_lgb_calibrated": [
    {
      "edge_threshold": 0.02,
      "n_bets": 29045,
      "n_wins": 11813,
      "win_rate": 0.4067137200895163,
      "roi_flat": 0.4935448442072645,
      "roi_kelly_25pct": 0.498642305569416,
      "total_pnl_flat_units": 14335.009999999998,
      "bet_pct": 99.9931146073605
    },
    {
      "edge_threshold": 0.03,
      "n_bets": 29045,
      "n_wins": 11813,
      "win_rate": 0.4067137200895163,
      "roi_flat": 0.4935448442072645,
      "roi_kelly_25pct": 0.498642305569416,
      "total_pnl_flat_units": 14335.009999999998,
      "bet_pct": 99.9931146073605
    },
    {
      "edge_threshold": 0.04,
      "n_bets": 29044,
      "n_wins": 11812,
      "win_rate": 0.40669329293485745,
      "roi_flat": 0.49351879906348983,
      "roi_kelly_25pct": 0.4986417125924229,
      "total_pnl_flat_units": 14333.759999999998,
      "bet_pct": 99.98967191104072
    },
    {
      "edge_threshold": 0.05,
      "n_bets": 29044,
      "n_wins": 11812,
      "win_rate": 0.40669329293485745,
      "roi_flat": 0.49351879906348983,
      "roi_kelly_25pct": 0.4986417125924229,
      "total_pnl_flat_units": 14333.759999999998,
      "bet_pct": 99.98967191104072
    },
    {
      "edge_threshold": 0.06,
      "n_bets": 29043,
      "n_wins": 11811,
      "win_rate": 0.40667286437351513,
      "roi_flat": 0.49346004200667976,
      "roi_kelly_25pct": 0.4986261822296039,
      "total_pnl_flat_units": 14331.56,
      "bet_pct": 99.98622921472096
    },
    {
      "edge_threshold": 0.08,
      "n_bets": 29031,
      "n_wins": 11807,
      "win_rate": 0.4067031793599945,
      "roi_flat": 0.4937060383727739,
      "roi_kelly_25pct": 0.49872756057703244,
      "total_pnl_flat_units": 14332.779999999999,
      "bet_pct": 99.94491685888389
    },
    {
      "edge_threshold": 0.1,
      "n_bets": 28899,
      "n_wins": 11739,
      "win_rate": 0.40620782726045884,
      "roi_flat": 0.4930533928509637,
      "roi_kelly_25pct": 0.49834237725334446,
      "total_pnl_flat_units": 14248.75,
      "bet_pct": 99.49048094467588
    }
  ],
  "shap_top15": [
    {
      "feature": "log_draw_odds",
      "mean_abs_shap": 0.057503770890335405
    },
    {
      "feature": "league_ht_draw_rate_historical",
      "mean_abs_shap": 0.012508521827208395
    },
    {
      "feature": "log_home_win_odds",
      "mean_abs_shap": 0.01133513282333563
    },
    {
      "feature": "league_encoded",
      "mean_abs_shap": 0.010778645664561244
    },
    {
      "feature": "log_away_win_odds",
      "mean_abs_shap": 0.008293014312388934
    },
    {
      "feature": "home_hst_r5",
      "mean_abs_shap": 0.008036742547831568
    },
    {
      "feature": "home_hs_r5",
      "mean_abs_shap": 0.00720702428353934
    },
    {
      "feature": "away_hy_r5",
      "mean_abs_shap": 0.006420026368898141
    },
    {
      "feature": "home_hf_r5",
      "mean_abs_shap": 0.006378771465492375
    },
    {
      "feature": "away_hc_r5",
      "mean_abs_shap": 0.005416983967695707
    },
    {
      "feature": "home_ga_r5",
      "mean_abs_shap": 0.004903261400446924
    },
    {
      "feature": "home_hs_ratio_r5",
      "mean_abs_shap": 0.004574925836963258
    },
    {
      "feature": "away_hs_ratio_r5",
      "mean_abs_shap": 0.004194354808520578
    },
    {
      "feature": "away_hst_r5",
      "mean_abs_shap": 0.004043456574512468
    },
    {
      "feature": "home_gf_r5",
      "mean_abs_shap": 0.0039955021769330044
    }
  ]
}