{
  "feature_count": 153,
  "train_size": 7620,
  "val_size": 1633,
  "test_size": 1634,
  "models": {
    "LogReg": {
      "test_auc": 0.46762399543156397,
      "test_brier": 0.27427920777820375,
      "val_auc": 0.5307890787980822,
      "name": "LogReg",
      "betting": {
        "n_bets": 1629,
        "n_draws": 668,
        "hit_rate": 0.41006752608962554,
        "flat_roi": 0.45390423572744015,
        "kelly_roi": 0.07266840141664324,
        "cum_flat_pnl": 739.4099999999986,
        "cum_kelly_pnl": 118.3768259077117,
        "avg_edge": 0.268289357690382
      }
    },
    "XGBoost": {
      "test_auc": 0.5143723120588449,
      "test_brier": 0.2498500943183899,
      "val_auc": 0.5489049213727141,
      "name": "XGBoost",
      "betting": {
        "n_bets": 1634,
        "n_draws": 671,
        "hit_rate": 0.41064871481028153,
        "flat_roi": 0.4549020807833537,
        "kelly_roi": 0.06873542031265047,
        "cum_flat_pnl": 743.3099999999985,
        "cum_kelly_pnl": 112.31367679087097,
        "avg_edge": 0.23409360472531845
      }
    },
    "LightGBM": {
      "test_auc": 0.49878902399202685,
      "test_brier": 0.24305849854594752,
      "val_auc": 0.5406647635081556,
      "name": "LightGBM",
      "betting": {
        "n_bets": 1634,
        "n_draws": 671,
        "hit_rate": 0.41064871481028153,
        "flat_roi": 0.4549020807833537,
        "kelly_roi": 0.05022288444716972,
        "cum_flat_pnl": 743.3099999999985,
        "cum_kelly_pnl": 82.0641931866754,
        "avg_edge": 0.1765247941484453
      }
    },
    "LSTM": {
      "test_auc": 0.49517544063277175,
      "test_brier": 0.3304516077041626,
      "val_auc": 0.5237612695043248,
      "name": "LSTM",
      "betting": {
        "n_bets": 1213,
        "n_draws": 492,
        "hit_rate": 0.40560593569661996,
        "flat_roi": 0.4458615004122011,
        "kelly_roi": 0.08609657649778686,
        "cum_flat_pnl": 540.8299999999999,
        "cum_kelly_pnl": 104.43514729181555,
        "avg_edge": 0.37477488341945053
      }
    },
    "Ensemble": {
      "test_auc": 0.511489957023893,
      "test_brier": 0.24732245003695988,
      "val_auc": 0.5552007466237237,
      "name": "Ensemble",
      "betting": {
        "n_bets": 1634,
        "n_draws": 671,
        "hit_rate": 0.41064871481028153,
        "flat_roi": 0.4549020807833537,
        "kelly_roi": 0.06368654694134072,
        "cum_flat_pnl": 743.3099999999985,
        "cum_kelly_pnl": 104.0638177021508,
        "avg_edge": 0.21839302002253488
      }
    }
  }
}