{
  "home_gf_r5": 0.6,
  "home_ga_r5": 0.6,
  "home_gd_r5": 0.0,
  "away_gf_r5": 0.6,
  "away_ga_r5": 0.6,
  "away_gd_r5": 0.0,
  "home_days_since_last": 7.0,
  "away_days_since_last": 7.0,
  "home_hs_r5": 11.0,
  "away_hs_r5": 11.2,
  "home_as_r5": 11.0,
  "away_as_r5": 11.2,
  "home_hst_r5": 4.6,
  "away_hst_r5": 4.8,
  "home_hs_ratio_r5": 0.43283582089552236,
  "away_hs_ratio_r5": 0.43333333333333335,
  "home_ast_r5": 4.6,
  "away_ast_r5": 4.8,
  "home_as_ratio_r5": 0.43283582089552236,
  "away_as_ratio_r5": 0.43333333333333335,
  "home_hc_r5": 5.2,
  "away_hc_r5": 5.2,
  "home_ac_r5": 5.2,
  "away_ac_r5": 5.2,
  "home_hf_r5": 12.6,
  "away_hf_r5": 12.6,
  "home_af_r5": 12.6,
  "away_af_r5": 12.6,
  "home_hy_r5": 1.6,
  "away_hy_r5": 1.6,
  "home_ay_r5": 1.6,
  "away_ay_r5": 1.6,
  "home_hr_r5": 0.0,
  "away_hr_r5": 0.0,
  "home_ar_r5": 0.0,
  "away_ar_r5": 0.0,
  "league_ht_draw_rate_historical": 0.4248385202583676,
  "league_encoded": 9.0,
  "country_encoded": 3.0,
  "home_xg_r5": 1.20435666,
  "home_xga_r5": 1.2862978,
  "home_xg_diff_r5": -0.10449399999999964,
  "away_xg_r5": 1.248852,
  "away_xga_r5": 1.2515323999999999,
  "away_xg_diff_r5": -0.007067699999999899,
  "home_goals_minus_xg_r5": 0.025715800000000087,
  "away_goals_minus_xg_r5": 0.030511699999999996,
  "dc_draw_prob": 0.4256346427051114,
  "elo_draw_prob": 0.4368530097497647,
  "referee_adj": 1.0
}