{
  "log_home_win_odds": 0.7884573603642703,
  "log_draw_odds": 1.2237754316221157,
  "log_away_win_odds": 1.1939224684724346
}