{
  "logistic_regression": {
    "train_auc": 0.5184050119560019,
    "val_auc": 0.5333295698130249,
    "test_auc": 0.5252300131436083,
    "train_brier": 0.244382032918215,
    "val_brier": 0.24475276684962974,
    "test_brier": 0.24148955077102202
  },
  "lstm": {
    "train_auc": 0.5542127977044476,
    "val_auc": 0.5072035439078293,
    "test_auc": 0.5006815515508449,
    "train_brier": 0.2426125705242157,
    "val_brier": 0.24689213931560516,
    "test_brier": 0.2435891330242157,
    "best_val_auc": 0.5283301758504864
  },
  "feature_columns": [
    "home_gf_r5",
    "home_ga_r5",
    "home_gd_r5",
    "away_gf_r5",
    "away_ga_r5",
    "away_gd_r5",
    "log_home_win_odds",
    "log_draw_odds",
    "log_away_win_odds",
    "home_days_since_last",
    "away_days_since_last",
    "month"
  ],
  "model_info": {
    "lstm_architecture": {
      "input_size": 12,
      "hidden_size": 64,
      "num_layers": 2,
      "dropout": 0.3
    },
    "lr_params": {
      "C": 1.0,
      "solver": "lbfgs",
      "max_iter": 1000
    }
  }
}