{
  "logistic_regression": {
    "train_auc": 0.5178154661404306,
    "val_auc": 0.5318596817206601,
    "test_auc": 0.5292993932338639,
    "train_brier": 0.2443995483755318,
    "val_brier": 0.2447915327262526,
    "test_brier": 0.24104482776199
  },
  "lstm": {
    "train_auc": 0.5179325339952513,
    "val_auc": 0.5318571753209862,
    "test_auc": 0.5278213948514556,
    "train_brier": 0.2445450723171234,
    "val_brier": 0.2452133744955063,
    "test_brier": 0.24157851934432983,
    "best_val_auc": 0.5318571753209862
  },
  "dataset_info": {
    "rows_total": 10412,
    "rows_train": 7288,
    "rows_val": 1561,
    "rows_test": 1563,
    "future_rows_excluded": 28,
    "draw_rate": 0.4259508259700346
  },
  "discrepancies": [
    "lstm.train_auc: saved=0.554213 repro=0.517933 \u0394=0.036280",
    "lstm.val_auc: saved=0.507204 repro=0.531857 \u0394=0.024654",
    "lstm.test_auc: saved=0.500682 repro=0.527821 \u0394=0.027140"
  ]
}